FIPS,r_voteshare
01001,0.7276658791494814
01003,0.765457123352413
01005,0.5209666634826631
01007,0.7640322031976414
01009,0.8933484445833985
01011,0.24203821656050956
01013,0.5612688960146587
01015,0.6866329600534848
01017,0.5642446043165468
01019,0.8341563402590143
01021,0.8210027764167892
01023,0.5630828304991772
01025,0.5479241807996317
01027,0.7918176328502415
01029,0.8742605794023964
01031,0.7644339577213849
01033,0.6721252257676099
01035,0.5193621867881549
01037,0.6437547600913938
01039,0.8323086574654956
01041,0.720121270145205
01043,0.8710426953238455
01045,0.7364659448503921
01047,0.308056619838229
01049,0.8288159219391311
01051,0.7416532474503489
01053,0.6692489053553385
01055,0.7325649850557014
01057,0.813674384773912
01059,0.7862126245847176
01061,0.8499744854567103
01063,0.17172131147540984
01065,0.39465174129353237
01067,0.6977205153617443
01069,0.7206547995966134
01071,0.79451010293557
01073,0.4430374337176314
01075,0.8359173126614987
01077,0.7058570524984187
01079,0.730528019421404
01081,0.5848355324289165
01083,0.7213729091179828
01085,0.26196888090963494
01087,0.15656455142231948
01089,0.5478949011255347
01091,0.47598690194651627
01093,0.8682994454713494
01095,0.8277551251557368
01097,0.5506405691889983
01099,0.564209911401032
01101,0.35464861594943575
01103,0.7401863991785799
01105,0.26657824933687
01107,0.5717878851393837
01109,0.5842193195625759
01111,0.756356140178659
01113,0.47829248026589116
01115,0.8242447916666666
01117,0.7211566950441464
01119,0.2466073935423491
01121,0.617056305564702
01123,0.6976290670224776
01125,0.577061668681983
01127,0.82335776330076
01129,0.7080745341614907
01131,0.28391631252043154
01133,0.8947929797343159
04001,0.2978923393948158
04003,0.5616714985504349
04005,0.35307105580088316
04007,0.3864621086192332
04009,0.39520338816113465
04011,0.3644067796610169
04012,0.6726600571332549
04013,0.4766837560609095
04015,0.7290444441664686
04017,0.5106715640045665
04019,0.3970875628498245
04021,0.5621092121717383
04023,0.2371447696707844
04025,0.6232415902140673
04027,0.47472175061309185
05001,0.6159047005795235
05003,0.6603983669429667
05005,0.7427906506121623
05007,0.628676774353466
05009,0.7594190304760723
05011,0.5923898165891048
05013,0.6857646540326134
05015,0.6307863915225879
05017,0.4109195402298851
05019,0.5165376495425756
05021,0.7271153846153846
05023,0.7826230864708316
05025,0.7340488968395945
05027,0.6139304602227973
05029,0.6117068247760817
05031,0.6435217721305484
05033,0.7432516703786192
05035,0.43655967903711135
05037,0.6668606342740763
05039,0.5445687477444966
05041,0.4507869391590322
05043,0.6016679302501895
05045,0.617459549308814
05047,0.7443131462333825
05049,0.7273679798826488
05051,0.6393089082220316
05053,0.7689724647414372
05055,0.7342465753424657
05057,0.6243438785643354
05059,0.6841929002009377
05061,0.6754385964912281
05063,0.7298369325694138
05065,0.7419236417033774
05067,0.6336307214895268
05069,0.35722561211091375
05071,0.668459174714662
05073,0.6146853146853147
05075,0.7148636763412489
05077,0.4061467283542631
05079,0.641662310507057
05081,0.6896881576430075
05083,0.7254134578967302
05085,0.7364575645756457
05087,0.7203625200994007
05089,0.7508090614886731
05091,0.7018830402088124
05093,0.5347621932747653
05095,0.5162968099861304
05097,0.7426243326777184
05099,0.6161429451632778
05101,0.7660538236077804
05103,0.5386009058882738
05105,0.6985601486298189
05107,0.35179059398820656
05109,0.7912584777694047
05111,0.7125097125097125
05113,0.8040335317701373
05115,0.7202800301298241
05117,0.7273519163763066
05119,0.3833930002002804
05121,0.7068506035428751
05123,0.4300134589502019
05125,0.6883493282149712
05127,0.778062678062678
05129,0.7926502145922747
05131,0.6525304119900531
05133,0.7194213064445418
05135,0.7458959856531936
05137,0.7321110715557138
05139,0.6189179590387119
05141,0.7333424172230549
05143,0.5066637348676415
05145,0.7743488004702598
05147,0.5239206534422404
05149,0.7156390743904333
06001,0.14661009436528874
06003,0.36046511627906974
06005,0.5912371715349047
06007,0.47239546272654975
06009,0.583981673582296
06011,0.5354342581423401
06013,0.24873920737920308
06015,0.5371416614354467
06017,0.5261937579468111
06019,0.43939302703679173
06021,0.6111932418162619
06023,0.3101137629544611
06025,0.26416585223846456
06027,0.5253524610437794
06029,0.530727423893055
06031,0.5334807607253428
06033,0.4326828870019595
06035,0.7196883314329152
06037,0.22413336252892868
06039,0.5417749118574875
06041,0.15631888449304604
06043,0.5840937253576659
06045,0.29052485524455
06047,0.4057833844241337
06049,0.7117212249208026
06051,0.4001137225170584
06053,0.2615660230271048
06055,0.28369614808055793
06057,0.4253208337125694
06059,0.4234982100522663
06061,0.5203375647427518
06063,0.5601488218272013
06065,0.4435014526391719
06067,0.3393148946060465
06069,0.3576445904032111
06071,0.4147508421472729
06073,0.3657118799755052
06075,0.09287516757353521
06077,0.39674170034706424
06079,0.416001896169885
06081,0.1842619217262965
06083,0.3188318079485932
06085,0.20580381947651658
06087,0.17417967567399725
06089,0.6467964973205251
06091,0.5726775956284152
06093,0.5534354870193247
06095,0.31255831873483714
06097,0.22230198094727419
06099,0.455973417912702
06101,0.5421949109566566
06103,0.6480675924376778
06105,0.4945480126626803
06107,0.5189791158509445
06109,0.5699792392964863
06111,0.3762104592779607
06113,0.25263734925082226
06115,0.5726584920427863
08001,0.41350786151343816
08003,0.4389681510304078
08005,0.3862548919965946
08007,0.5810055865921788
08009,0.8142127264282397
08011,0.6165023352361183
08013,0.220025300039332
08014,0.3811987582583778
08015,0.4792
08017,0.8393829401088929
08019,0.4389703375383566
08021,0.47588264545002484
08023,0.3181818181818182
08025,0.7066142763588736
08027,0.6722113502935421
08029,0.6941631923764146
08031,0.1889095138796813
08033,0.7521912350597609
08035,0.5470589176475608
08037,0.35642072711414186
08039,0.7325697834522469
08041,0.5619013879178724
08043,0.6882082555864015
08045,0.4961088024178315
08047,0.43791946308724833
08049,0.5232883092687471
08051,0.3494475138121547
08053,0.5755517826825127
08055,0.4977531060005287
08057,0.7305458768873403
08059,0.4201415705328963
08061,0.8514619883040936
08063,0.8014586709886548
08065,0.39699906220693965
08067,0.40407704654895665
08069,0.4257067047657924
08071,0.546150448991609
08073,0.7766830870279147
08075,0.7490228348076527
08077,0.6410441322292764
08079,0.5276073619631901
08081,0.8130268199233717
08083,0.610748172344066
08085,0.6788445199660152
08087,0.6810200668896321
08089,0.5830572645527686
08091,0.4081570996978852
08093,0.5889411538830758
08095,0.7680102915951973
08097,0.24232633279483037
08099,0.7039473684210527
08101,0.46111690359331686
08103,0.8089855072463769
08105,0.5574629562703288
08107,0.37394537394537397
08109,0.40458553791887125
08111,0.424901185770751
08113,0.23862323862323861
08115,0.7441348973607038
08117,0.31532088537158404
08119,0.674674605372473
08121,0.8412001463593121
08123,0.5659907847712438
08125,0.8035900647046545
09001,0.38004173699992166
09003,0.36418311770026346
09005,0.5444366905441186
09007,0.4385606607690919
09009,0.4196450715819802
09011,0.4376173822938929
09013,0.4416460012399256
09015,0.5066013419121264
10001,0.49587120298131315
10003,0.3259448685358873
10005,0.590625235831258
11001,0.040874744593083774
12001,0.3642656586633067
12003,0.8147854994459395
12005,0.711170571621328
12007,0.7367333443544387
12009,0.5777501016673444
12011,0.31366150169901835
12013,0.7654990955434962
12015,0.624836574179758
12017,0.6832622333751568
12019,0.703990308312125
12021,0.6172704331075186
12023,0.7095133591110182
12027,0.626548345350342
12029,0.8083865592890863
12031,0.4891944672344261
12033,0.5824659438967922
12035,0.5886649392205624
12037,0.685785536159601
12039,0.3042554153665265
12041,0.8004750593824228
12043,0.6882609694463588
12045,0.7307006718771425
12047,0.6305860805860806
12049,0.6912831333245417
12051,0.5573549257759784
12053,0.6287048488208452
12055,0.6471347896510966
12057,0.44652477997523676
12059,0.8789053323937045
12061,0.6076816358159707
12063,0.6775818639798489
12065,0.514061478090255
12067,0.828125
12069,0.5994767162182774
12071,0.5868237240365174
12073,0.353778297794021
12075,0.7102345965455015
12077,0.7715412621359223
12079,0.5703703703703704
12081,0.5696532147207725
12083,0.6172467086433887
12085,0.6201510630361805
12086,0.3407443756605768
12087,0.5156551626724422
12089,0.7352114489239814
12091,0.7128352585394874
12093,0.6852706364901486
12095,0.3573584732964166
12097,0.3587649601300943
12099,0.4112771238593334
12101,0.5892908239646013
12103,0.48578298669991854
12105,0.5537187757198028
12107,0.6684784249781079
12109,0.6496330046735134
12111,0.49904506308263574
12113,0.7446464185993504
12115,0.5432479274260793
12117,0.48663826835515084
12119,0.6877975608165395
12121,0.7642559109874826
12123,0.7459634015069968
12125,0.8022479803301721
12127,0.5481946877551568
12129,0.6847762360758257
12131,0.7657044326188424
12133,0.7742022230190032
13001,0.7835139760410724
13003,0.7195402298850575
13005,0.83681592039801
13007,0.5381944444444444
13009,0.4775999007197816
13011,0.879426523297491
13013,0.7263592567102547
13015,0.756283185840708
13017,0.6298854447439353
13019,0.8227617602427921
13021,0.38409802543293503
13023,0.7476879774829112
13025,0.8835105538803365
13027,0.5841224747474747
13029,0.6939300072497199
13031,0.5963422341602149
13033,0.480269489894129
13035,0.7060121925583351
13037,0.40987654320987654
13039,0.6512882916247817
13043,0.7079457879351582
13045,0.680605607307178
13047,0.7802070486227903
13049,0.7348107569721115
13051,0.40741203117476055
13053,0.5402877697841727
13055,0.7830828889966068
13057,0.719804003819962
13059,0.2827508004268943
13061,0.44461901021209743
13063,0.13617419959293123
13065,0.7034623217922606
13067,0.4622225446543276
13069,0.6890406036651096
13071,0.7265120375807399
13073,0.665477348902584
13075,0.6894502228826151
13077,0.6888492995384241
13079,0.7022797527047914
13081,0.6055644302449414
13083,0.8091957705863505
13085,0.8414789630259244
13087,0.585261520513319
13089,0.16351661758118166
13091,0.7163646739905836
13093,0.5055713915522156
13095,0.3001730865139203
13097,0.4298209151685199
13099,0.5333333333333333
13101,0.8519458544839256
13103,0.7619575411373518
13105,0.6625766871165644
13107,0.6787531806615776
13109,0.6653750345972875
13111,0.81544192346766
13113,0.5753779981284783
13115,0.6967753120665742
13117,0.7111615642276091
13119,0.829687132439426
13121,0.2730307308219226
13123,0.8202458310498708
13125,0.8884892086330936
13127,0.6278492834836412
13129,0.8012553404715439
13131,0.6570064039943558
13133,0.6201988251242657
13135,0.447685415023254
13137,0.8120421104475775
13139,0.7317877047557076
13141,0.23547486033519552
13143,0.8439728801620147
13145,0.7233062659071627
13147,0.7201739646140161
13149,0.7980108927302866
13151,0.46295283802118137
13153,0.5897235306845986
13155,0.7400544959128066
13157,0.8011769032732622
13159,0.7212572373862697
13161,0.8053375196232339
13163,0.4395809414466131
13165,0.6200916230366492
13167,0.6833966359196961
13169,0.6617002629272568
13171,0.6818181818181818
13173,0.6910484151863462
13175,0.635483870967742
13177,0.7527398713144312
13179,0.3799789382394846
13181,0.6725987323256948
13183,0.6378430896283702
13185,0.572278799100648
13187,0.7741649899396378
13189,0.5861027190332326
13191,0.5907165847873962
13193,0.3592255656636342
13195,0.7668778129688282
13197,0.6021943573667712
13199,0.566561788000434
13201,0.7433176100628931
13205,0.5430203045685279
13207,0.6961456609127453
13209,0.7466442953020134
13211,0.6922427440633245
13213,0.830069031947343
13215,0.3907752926179163
13217,0.4754359242503467
13219,0.6662861680480421
13221,0.6929877135151333
13223,0.6882724610879951
13225,0.5034412202380952
13227,0.8299615329819062
13229,0.8619887840240733
13231,0.8341547277936963
13233,0.7748153359127682
13235,0.676005547850208
13237,0.6897133220910624
13239,0.5507662835249042
13241,0.7866616616616616
13243,0.43842704380820974
13245,0.3239223995232735
13247,0.355911167445668
13249,0.7710843373493976
13251,0.5783027121609798
13253,0.6535674470457079
13255,0.6086990351696234
13257,0.7830871115639327
13259,0.391156462585034
13261,0.4807727355567705
13263,0.36845348120764015
13265,0.3890746934225195
13267,0.7382297551789078
13269,0.6056338028169014
13271,0.6454162276080084
13273,0.44736213893530674
13275,0.5971705137751303
13277,0.6740277094029116
13279,0.7239001969796455
13281,0.7958308693081018
13283,0.6692563817980022
13285,0.6031940561449197
13287,0.6165391406709829
13289,0.5013550135501355
13291,0.8167122606316837
13293,0.6669105542344979
13295,0.7910335615294707
13297,0.7647795960489459
13299,0.6987032173342088
13301,0.4245929734361611
13303,0.49036756884529015
13305,0.7829636031883223
13307,0.5645161290322581
13309,0.6760228353948621
13311,0.8255941808339677
13313,0.7024920086111293
13315,0.7043010752688172
13317,0.5733392777530094
13319,0.5442034056449732
13321,0.7416515973477998
15001,0.2697982024758352
15003,0.31605724483012004
15007,0.2876020505031327
15009,0.2588507074790644
16001,0.47913568322013195
16003,0.7127805771873569
16005,0.514124970074216
16007,0.7523907103825137
16009,0.741457586618877
16011,0.6560601503759399
16013,0.3114509511376352
16015,0.7008390141583639
16017,0.6371102516353913
16019,0.6037629180705999
16021,0.7338756536897153
16023,0.7430894308943089
16025,0.6949152542372882
16027,0.648787524902109
16029,0.7495881383855024
16031,0.727439471753485
16033,0.7173144876325088
16035,0.7503288608260984
16037,0.7361226180613091
16039,0.6824689040131424
16041,0.7094017094017094
16043,0.715660542432196
16045,0.7518229821473472
16047,0.7210556732806781
16049,0.7823393659662334
16051,0.7351633986928104
16053,0.6878980891719745
16055,0.6703212185190771
16057,0.39976888791063664
16059,0.735107421875
16061,0.7559748427672957
16063,0.6773455377574371
16065,0.5699260581336053
16067,0.7112501819240286
16069,0.6219987210045927
16071,0.7403288201160542
16073,0.7775796178343949
16075,0.7455193014705882
16077,0.6040609137055838
16079,0.6439453125
16081,0.4354903536977492
16083,0.6637209613710919
16085,0.5432791175920733
16087,0.7369248035914703
17001,0.7132797095552564
17003,0.5256500351370345
17005,0.6491367861885791
17007,0.5339767836181035
17009,0.7549390500210172
17011,0.5600748295214532
17013,0.6693893426682225
17015,0.5955674949630625
17017,0.6276346604215457
17019,0.36416815820491555
17021,0.6819975418849861
17023,0.7091321897073662
17025,0.7907086614173229
17027,0.7125552557552098
17029,0.5947491195169922
17031,0.20998973879084507
17033,0.719179651695692
17035,0.7555236213400395
17037,0.43786697247706424
17039,0.6730743735914092
17041,0.6975149957155099
17043,0.3881227420825666
17045,0.7170074939667217
17047,0.829997012249776
17049,0.7743199500255551
17051,0.7691184141888368
17053,0.7004377736085053
17055,0.7009780343113676
17057,0.5375704247641957
17059,0.717399335057259
17061,0.7421665174574754
17063,0.5789904032362181
17065,0.7695631301008161
17067,0.7049665606841355
17069,0.7695530726256983
17071,0.6125639567936327
17073,0.5675039564988029
17075,0.7463257807715861
17077,0.44046796928951537
17079,0.7739485981308412
17081,0.6879816459791752
17083,0.7049404057865526
17085,0.5400564672666314
17087,0.7635079651831171
17089,0.4150937716367139
17091,0.531212345418032
17093,0.4670234063651842
17095,0.4827136627253518
17097,0.36164667896678965
17099,0.5365378043141749
17101,0.7418772563176895
17103,0.5560074891858738
17105,0.668544108978977
17107,0.6597048625110878
17109,0.519019248395967
17111,0.5051992945326279
17113,0.46642450053234796
17115,0.5590095713691219
17117,0.6405187835420394
17119,0.5414851857826531
17121,0.6945648354222795
17123,0.6325200534759359
17125,0.6256552574776442
17127,0.7251234475534939
17129,0.649424405218726
17131,0.5638709677419355
17133,0.6525266094864111
17135,0.6649714902142086
17137,0.6132432432432432
17139,0.7090561833519019
17141,0.5932294465341215
17143,0.4539062201444531
17145,0.6957271896884197
17147,0.6254440497335702
17149,0.7641434262948207
17151,0.7833800186741363
17153,0.6124314442413162
17155,0.5679845708775313
17157,0.7061434408905172
17159,0.7468766267568975
17161,0.4218833015595212
17163,0.4466495272847902
17165,0.7269852424455376
17167,0.5077002836144064
17169,0.6593521421107628
17171,0.7538343558282209
17173,0.7474114441416894
17175,0.6481954064892453
17177,0.5448065673696112
17179,0.6010403726708075
17181,0.6782242005388309
17183,0.6243702976774615
17185,0.7406661786237189
17187,0.5475855001921353
17189,0.7501009829002289
17191,0.8433603679941896
17193,0.7689161554192229
17195,0.4931201626143382
17197,0.44107090633557544
17199,0.6771945246766294
17201,0.469892545786308
17203,0.6648711236407572
18001,0.7370511841100076
18003,0.5704207643216866
18005,0.6352723915050785
18007,0.7034915439170758
18009,0.6922917958255838
18011,0.6107899807321773
18013,0.6313404657016992
18015,0.7257896563693162
18017,0.6827362938982335
18019,0.587228967485874
18021,0.7561602552738876
18023,0.7147285522788204
18025,0.6564337034617896
18027,0.7935549777117384
18029,0.7551173552340851
18031,0.763008897276894
18033,0.7131700390486333
18035,0.5377080424617158
18037,0.6687850280224179
18039,0.6379247295444157
18041,0.7176285414480588
18043,0.5726653306613226
18045,0.7557394554191137
18047,0.7871606283483156
18049,0.7176976355385718
18051,0.7156419529837251
18053,0.6719342604298356
18055,0.7446561843344686
18057,0.5666165335546105
18059,0.6930156712086454
18061,0.6974350684340985
18063,0.6397252478195847
18065,0.6894070950136443
18067,0.6425915370626714
18069,0.7261110764819547
18071,0.7317475672907301
18073,0.7013006428464643
18075,0.713373403456048
18077,0.6309805079740106
18079,0.7375784753363229
18081,0.6835488721804511
18083,0.7139082237690126
18085,0.7460104725096621
18087,0.7343717332218272
18089,0.3758604408439154
18091,0.5018914673804836
18093,0.7328216374269005
18095,0.6005676232169026
18097,0.3597408188270617
18099,0.6795708439331932
18101,0.76876689540445
18103,0.7398753894080997
18105,0.3522770041400075
18107,0.729678015307469
18109,0.756841432225064
18111,0.7035375323554789
18113,0.722202486678508
18115,0.7250941458404656
18117,0.7083740234375
18119,0.7190604183709244
18121,0.7388331814038286
18123,0.5656114214773432
18125,0.7358206458089342
18127,0.503070345899728
18129,0.6740996230047325
18131,0.7059901080784027
18133,0.7228678219503908
18135,0.7187798814304839
18137,0.7654957064793131
18139,0.7335736068755199
18141,0.4726603670725059
18143,0.6673991869025382
18145,0.7067911526064243
18147,0.6585830243511374
18149,0.6901148926945588
18151,0.6956611286557737
18153,0.7171398527865405
18155,0.6915382535820492
18157,0.49216987922898503
18159,0.7442077230359521
18161,0.7429352780309936
18163,0.5585115919842222
18165,0.6503818994091367
18167,0.5509317394143353
18169,0.7292099792099792
18171,0.7374045801526717
18173,0.645949508263206
18175,0.7212264979792655
18177,0.6266077641815552
18179,0.7588168373151308
18181,0.6856659703571073
18183,0.7270050566472509
19001,0.6457622671214904
19003,0.6623931623931624
19005,0.5912176801964466
19007,0.6572685788787483
19009,0.6260257913247362
19011,0.5946258306847731
19013,0.42661284061796445
19015,0.5271907579599887
19017,0.5324272418377899
19019,0.537456106125634
19021,0.5922928243537087
19023,0.6549980034606682
19025,0.6722232990889707
19027,0.6295523520485584
19029,0.6682105263157895
19031,0.5549732732417986
19033,0.506030916612236
19035,0.6698625759028444
19037,0.5815073815073815
19039,0.6091154018859453
19041,0.6820239062318673
19043,0.5824296198926499
19045,0.48883686651926994
19047,0.6657534246575343
19049,0.5055683362961414
19051,0.7014425553838227
19053,0.6148901981788967
19055,0.6161670814846878
19057,0.4988221745275611
19059,0.652211705621016
19061,0.47183282717564007
19063,0.657269093204292
19065,0.5634085213032581
19067,0.542803970223325
19069,0.6366747181964574
19071,0.6695410292072322
19073,0.5849408836341008
19075,0.6587601862630966
19077,0.6309565217391304
19079,0.5800623862750195
19081,0.6773973769374894
19083,0.6157271768428454
19085,0.6566644340254522
19087,0.6145257337303275
19089,0.5727133143233165
19091,0.7013957145665421
19093,0.7350498338870431
19095,0.5845687331536388
19097,0.5648884578079535
19099,0.5547966796259325
19101,0.45953898970083373
19103,0.2735118273979725
19105,0.5644922530346393
19107,0.6800401203610833
19109,0.6567909840827234
19111,0.5450436505479537
19113,0.413243607918154
19115,0.6128194888178914
19117,0.6607717041800643
19119,0.8141759448016309
19121,0.6206577119036591
19123,0.6990218209179835
19125,0.6152896273013022
19127,0.5086763070077864
19129,0.6582229150428682
19131,0.5888868377330626
19133,0.6824146981627297
19135,0.682535575679172
19137,0.6812053925455988
19139,0.493156323968303
19141,0.7766675668376991
19143,0.7877373171490819
19145,0.694633730834753
19147,0.6551137571762705
19149,0.7338893100833965
19151,0.6990944372574386
19153,0.40375720671114856
19155,0.5727975632614808
19157,0.5030001016983626
19159,0.6738086442556336
19161,0.7104758250191865
19163,0.454059382973788
19165,0.6847723704866562
19167,0.8126305375398483
19169,0.38403694712534786
19171,0.5679844606946983
19173,0.6969296797622978
19175,0.6044238683127572
19177,0.7096321258073575
19179,0.5752854973925672
19181,0.5426373626373626
19183,0.5648275231036691
19185,0.7037414965986395
19187,0.5769363166953528
19189,0.5956454121306376
19191,0.4703397289209646
19193,0.5656022690882474
19195,0.5762273901808785
19197,0.6306007301692665
20001,0.6694169416941694
20003,0.7268656716417911
20005,0.6158174904942966
20007,0.8214920071047958
20009,0.7681371116953939
20011,0.7260791071721647
20013,0.72001982160555
20015,0.6896264960046281
20017,0.7078159240321402
20019,0.8345712356515868
20021,0.717169373549884
20023,0.8336886993603412
20025,0.8208955223880597
20027,0.756806282722513
20029,0.7427480916030534
20031,0.7497541789577188
20033,0.8246828143021915
20035,0.6552571111639331
20037,0.5791417634812974
20039,0.8333333333333334
20041,0.7343483556638246
20043,0.7714624037892244
20045,0.2932497454429293
20047,0.7862016679302501
20049,0.8324066719618745
20051,0.7086297815351135
20053,0.7349757372153789
20055,0.6250615218033271
20057,0.6626068929774553
20059,0.655266757865937
20061,0.5695628997867804
20063,0.8488458674609084
20065,0.7982866043613707
20067,0.7551276684805358
20069,0.8218780251694094
20071,0.8215384615384616
20073,0.7605633802816901
20075,0.8047945205479452
20077,0.7742435996896819
20079,0.5811209439528023
20081,0.7680945347119645
20083,0.8407079646017699
20085,0.67703678239945
20087,0.6252848746551517
20089,0.8186077643908969
20091,0.4739563583715399
20093,0.8168693009118541
20095,0.7588482303539292
20097,0.8341056533827618
20099,0.6580732700135685
20101,0.8243398392652124
20103,0.5820930002310155
20105,0.805327868852459
20107,0.7869889315563587
20109,0.8341930729550479
20111,0.533203125
20113,0.670930780097316
20115,0.7117709815078236
20117,0.7076824309865183
20119,0.8226744186046512
20121,0.6658900279589934
20123,0.7845003399048266
20125,0.7230089970009996
20127,0.6935975609756098
20129,0.834731543624161
20131,0.8051542366263178
20133,0.7017738359201774
20135,0.844566712517194
20137,0.8236347358997315
20139,0.6849276185069543
20141,0.8165548098434005
20143,0.7864278332759215
20145,0.7155204810221721
20147,0.8382132132132132
20149,0.71186757691948
20151,0.7386777719937533
20153,0.8288043478260869
20155,0.6407682775712515
20157,0.8003163305654409
20159,0.7457939011566772
20161,0.4693943897454951
20163,0.8396031417941298
20165,0.7964071856287425
20167,0.8061384278108362
20169,0.6267222625090645
20171,0.8469573115349682
20173,0.5527669334632885
20175,0.6270345375148869
20177,0.47654032835583376
20179,0.87117903930131
20181,0.7997702909647779
20183,0.8134182174338883
20185,0.7858649789029536
20187,0.7723704866562009
20189,0.8455843469063987
20191,0.7183707056161284
20193,0.8131991051454138
20195,0.8279352226720648
20197,0.7017751479289941
20199,0.9035087719298246
20201,0.7934900542495479
20203,0.8043933054393305
20205,0.7763854079643553
20207,0.7498267498267498
20209,0.3240195977942232
21001,0.8061459978136767
21003,0.7986660079051383
21005,0.7215899142006654
21007,0.7707876127773714
21009,0.729283859800952
21011,0.671898844560715
21013,0.7989298209508129
21015,0.6782949772640494
21017,0.632625241394979
21019,0.6644666079984355
21021,0.6210412482620115
21023,0.7686419053019563
21025,0.6955385151620774
21027,0.7390015956234328
21029,0.7266627852172225
21031,0.7941176470588235
21033,0.7543096234309623
21035,0.6459592497974952
21037,0.589273112208892
21039,0.8050749711649365
21041,0.6713359273670557
21043,0.7381786339754816
21045,0.8513744370243826
21047,0.6388624733958248
21049,0.6609071274298056
21051,0.8661149697059258
21053,0.8536530703720305
21055,0.8149616051523408
21057,0.8160469667318982
21059,0.6310607549064553
21061,0.7885202135774219
21063,0.7005253940455342
21065,0.763931469792606
21067,0.41737152917874043
21069,0.7543130990415335
21071,0.7250906892382104
21073,0.49524408129059294
21075,0.6502938706968934
21077,0.7318753744757339
21079,0.7744982290436836
21081,0.7603305785123967
21083,0.7630374563410816
21085,0.7771369137670197
21087,0.8198012375773486
21089,0.7093444737973829
21091,0.649126891734575
21093,0.6249652423764945
21095,0.8486566886678442
21097,0.6984963372317183
21099,0.7323788546255506
21101,0.6168949771689498
21103,0.6915652538816618
21105,0.7681965693092258
21107,0.7508970262963873
21109,0.8887475004544628
21111,0.4071605980192524
21113,0.663379919403241
21115,0.8402632678646051
21117,0.5966554626517403
21119,0.7560298455665452
21121,0.8229270729270729
21123,0.7537301711952253
21125,0.8292191841501229
21127,0.797087057265806
21129,0.8065241844769404
21131,0.8938112199465716
21133,0.7984453689511715
21135,0.823518308795772
21137,0.7674929400690305
21139,0.7685683530678149
21141,0.7136434535278466
21143,0.7039374053508329
21145,0.6635576708084454
21147,0.8677285318559557
21149,0.740473061760841
21151,0.6269834898718257
21153,0.7474589523064894
21155,0.6314881025767476
21157,0.7379326865492873
21159,0.8861624082974956
21161,0.6848593988086993
21163,0.7080369552775734
21165,0.723281756027348
21167,0.7312234293811998
21169,0.7556277056277056
21171,0.8571428571428571
21173,0.6859937128885785
21175,0.7597905759162303
21177,0.719218989280245
21179,0.6456590712431497
21181,0.6888419570573742
21183,0.7638007309097904
21185,0.6230481234590448
21187,0.7488502299540092
21189,0.8379761227970438
21191,0.76643915431996
21193,0.7716609912977677
21195,0.8006081491992703
21197,0.7086947750655639
21199,0.8167326414892478
21201,0.7492596248766041
21203,0.8382902406217306
21205,0.5847649186256781
21207,0.8396134083679961
21209,0.6219834710743801
21211,0.6412050534499514
21213,0.6741468596467932
21215,0.7562795585916973
21217,0.7358924464885901
21219,0.7558066541117389
21221,0.7304103095837654
21223,0.729594523433386
21225,0.7568829496055386
21227,0.5917571304742643
21229,0.7120298083747338
21231,0.7971721721721722
21233,0.7574504737295435
21235,0.8212574415565558
21237,0.6846299810246679
21239,0.5674998156749982
22001,0.7726459527547556
22003,0.7427798810167658
22005,0.6610153992464977
22007,0.6157373440939105
22009,0.6731580851320391
22011,0.8116461069107309
22013,0.5361884368308352
22015,0.7116433959236078
22017,0.46317719556916565
22019,0.6467864176165184
22021,0.8145780051150895
22023,0.8819068255687974
22025,0.7164332784184514
22027,0.5583242485594144
22029,0.6173354373309288
22031,0.5976296296296296
22033,0.4308594286761226
22035,0.360326641714869
22037,0.5545708026289584
22039,0.6961429915333961
22041,0.7109801353416285
22043,0.8398140800362771
22045,0.6440808528994885
22047,0.45627376425855515
22049,0.692524115755627
22051,0.5527337190801535
22053,0.7547103733277299
22055,0.6457676391769174
22057,0.7674150558290311
22059,0.8884152839092708
22061,0.5764100915956933
22063,0.8457301229863156
22065,0.4072273879966188
22067,0.5485993925075937
22069,0.5395583899885686
22071,0.14650326876221262
22073,0.6135818986429863
22075,0.6526056937482266
22077,0.577246832752317
22079,0.6476672999788896
22081,0.5407055630936228
22083,0.6551005522559133
22085,0.8050475120057219
22087,0.6472968700600695
22089,0.6345830788026878
22091,0.4186787391012743
22093,0.45146876292925114
22095,0.3648941811695512
22097,0.5495910148335292
22099,0.6552621359223301
22101,0.6276609695327184
22103,0.7308749758826935
22105,0.6478746947496947
22107,0.4638932496075353
22109,0.726763258611263
22111,0.731778960895906
22113,0.7827325218476904
22115,0.8098959898995972
22117,0.6740390809534035
22119,0.6360980986497657
22121,0.544918187539333
22123,0.8342088674091196
22125,0.5845835488877392
22127,0.7231638418079096
23001,0.5076707253466665
23003,0.5532951534319173
23005,0.3358728421934838
23007,0.480228044638525
23009,0.42654839713663245
23011,0.4784165055582407
23013,0.3952132025748477
23015,0.45235548528112357
23017,0.5195346303003109
23019,0.516786689843556
23021,0.5887606186016119
23023,0.4304219096965211
23025,0.5755448127685697
23027,0.45703967939401946
23029,0.5556370302474793
23031,0.44107145982463203
24001,0.6938735564689763
24003,0.4532084818998745
24005,0.3826052902360488
24009,0.5521430982112724
24011,0.6637851626160278
24013,0.6338189182126992
24015,0.637699087675893
24017,0.3271139036818513
24019,0.5525779967159278
24021,0.4736109232397336
24023,0.7691099850117764
24025,0.5824705248668383
24027,0.29276232636426974
24029,0.48657818580979945
24031,0.1935878614998131
24033,0.08404779896768574
24035,0.640689213135769
24037,0.5750772440913285
24039,0.5394949494949495
24041,0.5217729771809468
24043,0.6212665363458654
24045,0.5217289115566315
24047,0.6087079545856471
24510,0.10528316388334266
25001,0.40414008456470096
25003,0.25984908106106197
25005,0.42353560224775966
25007,0.21535385150408626
25009,0.3588509692840671
25011,0.27147235246352514
25013,0.3873875648025522
25015,0.26266936689329284
25017,0.2803360568546772
25019,0.2953481111458008
25021,0.33112716491224187
25023,0.4323154577442358
25025,0.16331164309243024
25027,0.4109459089665238
26001,0.6777992900935785
26003,0.5721558211598052
26005,0.6127523034453088
26007,0.6184514899986393
26009,0.6235458695332057
26011,0.6431912681912682
26013,0.6183381088825215
26015,0.6331234132348578
26017,0.53472261547464
26019,0.54155260070395
26021,0.536532881675945
26023,0.6672705655890845
26025,0.5346847305694203
26027,0.6303606992697499
26029,0.5945575433545822
26031,0.6350936220011703
26033,0.5901915113871635
26035,0.6352229442079319
26037,0.5321854630426762
26039,0.636177673874927
26041,0.6013951979234263
26043,0.6517280668439043
26045,0.4910798456092919
26047,0.5646207850228699
26049,0.428816685006317
26051,0.6513790891597178
26053,0.5482330468003821
26055,0.5313729671053907
26057,0.6000607348921956
26059,0.7068706118355065
26061,0.5424347158218126
26063,0.6717346233586731
26065,0.3345178361725816
26067,0.6194607879645491
26069,0.6245789985779507
26071,0.6218274111675127
26073,0.48590107120352866
26075,0.5711066779568581
26077,0.4040728746862604
26079,0.6924034869240349
26081,0.48081665498533344
26083,0.5676429567642957
26085,0.5929054054054054
26087,0.6647854281477547
26089,0.49054685911770685
26091,0.5753281525501208
26093,0.6204069295146695
26095,0.680884063590539
26097,0.6140724946695096
26099,0.5357943488380967
26101,0.5488530835780617
26103,0.44414119359534204
26105,0.5791624106230848
26107,0.6002446411929171
26109,0.6223997028231798
26111,0.5610031524961182
26113,0.7360940276069428
26115,0.5828909428979493
26117,0.6353865233567589
26119,0.6983429826312637
26121,0.46264470853396167
26123,0.6701855123674911
26125,0.4351443093284222
26127,0.6058675607711651
26129,0.6572638875517474
26131,0.603035610040864
26133,0.6914883589405222
26135,0.6980112938865701
26137,0.6592758015632477
26139,0.6198032704191012
26141,0.6217788861180382
26143,0.6242619431025228
26145,0.48207167090754877
26147,0.6288347884055742
26149,0.6265100812392137
26151,0.6985297937555197
26153,0.6153105440539239
26155,0.5637477646506992
26157,0.6629710032563189
26159,0.5376570295125324
26161,0.26848837085980337
26163,0.2943967767067179
26165,0.6536802196365538
27001,0.5975517278734699
27003,0.5024763401845411
27005,0.631750087097898
27007,0.5000463735856057
27009,0.6417389570246286
27011,0.5836660617059891
27013,0.4663769237638794
27015,0.6319761956600625
27017,0.4480808302674208
27019,0.5216891697787992
27021,0.623913994624664
27023,0.6049501767920283
27025,0.6100635172687574
27027,0.46067759711545003
27029,0.6890459363957597
27031,0.34050073637702505
27033,0.6430693934626813
27035,0.6218123988616706
27037,0.43027566539923956
27039,0.6126337525811901
27041,0.6410833142070231
27043,0.6285752833243389
27045,0.5672546359113523
27047,0.5487508566444458
27049,0.545981257533927
27051,0.594010941549093
27053,0.2820242449376964
27055,0.5296114673708034
27057,0.6311169056931769
27059,0.6487913970308337
27061,0.541038525963149
27063,0.6580962800875274
27065,0.6395988748929925
27067,0.5872221201543266
27069,0.5656184486373166
27071,0.5608989470375609
27073,0.594041450777202
27075,0.449624290752952
27077,0.6868867082961642
27079,0.6133190835615523
27081,0.639615766810202
27083,0.5940237413016782
27085,0.646301908863721
27087,0.4746168582375479
27089,0.6659746730330081
27091,0.670591586743899
27093,0.6598273896759486
27095,0.6407006222631942
27097,0.7337913023731123
27099,0.49805249788314987
27101,0.6371036846615252
27103,0.46620986903906725
27105,0.6138785912882299
27107,0.5210058264336094
27109,0.44513222428833504
27111,0.6442769230769231
27113,0.5956813104988831
27115,0.5930779813192383
27117,0.6942595673876872
27119,0.606853203568532
27121,0.6002532046209843
27123,0.259549027432517
27125,0.6065922381711856
27127,0.6749441597687558
27129,0.6429134893505127
27131,0.47557254261319853
27133,0.6387683405662327
27135,0.6984879548949257
27137,0.39698635498389995
27139,0.5324341254714844
27141,0.6431456206118096
27143,0.6679958837149472
27145,0.5982636445873957
27147,0.583867772042338
27149,0.5185253797702853
27151,0.5933119743692431
27153,0.7074960393562911
27155,0.5834260289210234
27157,0.5906862745098039
27159,0.6975771560426882
27161,0.618149797990262
27163,0.4466876971608833
27165,0.5538215286114446
27167,0.6447607510599637
27169,0.4649075707601442
27171,0.6215921169812405
27173,0.6410159211523881
28001,0.42454466608846486
28003,0.7994994250152202
28005,0.6083687943262411
28007,0.5931443798449613
28009,0.5609269872913033
28011,0.33203125
28013,0.6863664790494058
28015,0.6872286541244573
28017,0.5230671736375159
28019,0.6858548585485855
28021,0.12640449438202248
28023,0.6593505326658965
28025,0.41487553733879834
28027,0.2722172351885099
28029,0.4701124634108766
28031,0.616842583134718
28033,0.6558946647385646
28035,0.5509193272519954
28037,0.6342657342657343
28039,0.8791830957436053
28041,0.8074129260569939
28043,0.5678683534671359
28045,0.7830696830526733
28047,0.6373730513480643
28049,0.26694901828244316
28051,0.16208519068845964
28053,0.27063249470961676
28055,0.4263233190271817
28057,0.8698777857656362
28059,0.678455423971594
28061,0.47646017699115045
28063,0.12694300518134716
28065,0.3953823953823954
28067,0.7101086343115124
28069,0.3832722569519293
28071,0.5534796110573741
28073,0.7624837345478205
28075,0.6012675388056666
28077,0.6428346951602766
28079,0.5659841401349273
28081,0.6751131771640385
28083,0.2883303411131059
28085,0.6943987362601198
28087,0.5189051808406647
28089,0.5675474880526886
28091,0.6701445309159326
28093,0.4438978367814543
28095,0.6400780659783429
28097,0.5640512409927942
28099,0.7276603809343315
28101,0.6937910574274211
28103,0.21528525296017223
28105,0.4731847274332377
28107,0.494490175252257
28109,0.8125942512452589
28111,0.7612297496318114
28113,0.49104843654199876
28115,0.7960566851509551
28117,0.7747163695299838
28119,0.2974739970282318
28121,0.7516250318633698
28123,0.5818285497053792
28125,0.31598173515981737
28127,0.6474297223925037
28129,0.7772387570473318
28131,0.7531582682753726
28133,0.2911023129818712
28135,0.4194207836456559
28137,0.6446202803818698
28139,0.7839740119112074
28141,0.8560506510572213
28143,0.23913652929632745
28145,0.8033228949199722
28147,0.5862118803295274
28149,0.5030387309435517
28151,0.3116790490341753
28153,0.6240233357641422
28155,0.7843756164924048
28157,0.31247036510194404
28159,0.552865668280599
28161,0.5555372716801054
28163,0.45660377358490567
29001,0.589673381576374
29003,0.7292122538293216
29005,0.7562408223201175
29007,0.6938674088062817
29009,0.7824717562478604
29011,0.8349890553965315
29013,0.7479745731023308
29015,0.7745919243986255
29017,0.8504228329809725
29019,0.43163065770019554
29021,0.5978855267954793
29023,0.7908917086737355
29025,0.7495361781076066
29027,0.6803001094148908
29029,0.7525983832282136
29031,0.7294400345591014
29033,0.7979821141939922
29035,0.8171589310829818
29037,0.6491076681702295
29039,0.7985050890585241
29041,0.7432602670697909
29043,0.7451301437480436
29045,0.7645412130637637
29047,0.5216744118501307
29049,0.6923001567398119
29051,0.6586396960453791
29053,0.7042324067117456
29055,0.7966171617161716
29057,0.8058719311566692
29059,0.7909566617469476
29061,0.770108544391873
29063,0.7705703090988245
29065,0.8246208216757474
29067,0.8229822982298229
29069,0.7587445641898279
29071,0.7070021750843095
29073,0.7615849563465413
29075,0.7571475517581334
29077,0.6038411836169341
29079,0.8032482598607888
29081,0.8037408511791814
29083,0.7171092641394688
29085,0.7497883149872989
29087,0.8178343949044586
29089,0.6731717337715695
29091,0.7959323975938126
29093,0.743265401733427
29095,0.5283912855287837
29097,0.7256963125439722
29099,0.6498239801201077
29101,0.6492049971607041
29103,0.7572192513368984
29105,0.8025045168525325
29107,0.6921138825900731
29109,0.7830690996111277
29111,0.7504488330341114
29113,0.727465747936864
29115,0.7316985860032218
29117,0.7598504905777916
29119,0.8006551807813638
29121,0.7607925469098543
29123,0.770907724112009
29125,0.7913333333333333
29127,0.7280105116710466
29129,0.8515759312320917
29131,0.8133321653819201
29133,0.6964596633778294
29135,0.7828696925329429
29137,0.7601058710298364
29139,0.7601768281451464
29141,0.7663530211994105
29143,0.7163245888269675
29145,0.7724949259565511
29147,0.6745612180164939
29149,0.7864181662382177
29151,0.8259520451339916
29153,0.8077691453940067
29155,0.6577069852331177
29157,0.7903890160183067
29159,0.7073049527911214
29161,0.6850105104295802
29163,0.7144405310214034
29165,0.5304899253349699
29167,0.7584102303276902
29169,0.7322064056939501
29171,0.8252344416027281
29173,0.7537030003797949
29175,0.7303327189834126
29177,0.6536019873033397
29179,0.7919684002633312
29181,0.8186097031136857
29183,0.6052088256511032
29185,0.7561555075593952
29186,0.648955012398158
29187,0.7064056939501779
29189,0.3931841400929965
29195,0.6444899719646323
29197,0.7773760330578512
29199,0.7748983739837398
29201,0.7630968938340288
29203,0.7597336065573771
29205,0.7754224270353303
29207,0.8335715897976074
29209,0.7942294923643387
29211,0.7578439259855189
29213,0.777206038698703
29215,0.8100584154801023
29217,0.7597395045935574
29219,0.7039406994424734
29221,0.7593191122602887
29223,0.8236958443854996
29225,0.7668876545421968
29227,0.7724665391969407
29229,0.8260869565217391
29510,0.15879138050628472
30001,0.6914827799546298
30003,0.4373377389662497
30005,0.47242921013412814
30007,0.7494414299393553
30009,0.6256050742780838
30011,0.8625954198473282
30013,0.567874808365393
30015,0.6450249711870918
30017,0.7053037608486017
30019,0.7588357588357588
30021,0.7590306355738454
30023,0.4191631003328578
30025,0.8618598382749326
30027,0.7309931506849315
30029,0.6493311288140688
30031,0.44226016834203535
30033,0.9094707520891365
30035,0.3192118226600985
30037,0.770042194092827
30039,0.670793472144063
30041,0.5396431342125679
30043,0.6221328567173071
30045,0.7218543046357616
30047,0.5712768378726956
30049,0.49002262312199085
30051,0.7263267429760666
30053,0.7212218649517685
30055,0.8132075471698114
30057,0.6900376726663876
30059,0.7461617195496417
30061,0.6610337972166997
30063,0.37582554938094354
30065,0.8058172879967227
30067,0.5321081312105994
30069,0.8633540372670807
30071,0.7936434822662367
30073,0.6606683804627249
30075,0.8395061728395061
30077,0.7261989978525412
30079,0.806966618287373
30081,0.6565880475261571
30083,0.8022993225210429
30085,0.4920591456736035
30087,0.6524761077324066
30089,0.7199731227952293
30091,0.6762942779291553
30093,0.387551665451009
30095,0.751282577467679
30097,0.757000474608448
30099,0.6806775407779172
30101,0.7349042709867453
30103,0.7923250564334086
30105,0.6928608115048793
30107,0.7420718816067653
30109,0.8558225508317929
30111,0.5921166869248133
31001,0.6872641160364094
31003,0.8326729655592807
31005,0.8937728937728938
31007,0.8880597014925373
31009,0.8706624605678234
31011,0.791394148020654
31013,0.7345653939886271
31015,0.8503460207612457
31017,0.8672510958046337
31019,0.6895262435515169
31021,0.6652613827993255
31023,0.7734237628736499
31025,0.653521997989639
31027,0.7990950226244344
31029,0.8682824025289779
31031,0.8412443874278384
31033,0.777966461473148
31035,0.7902120717781403
31037,0.6754822650902302
31039,0.7663230240549829
31041,0.8306794055201698
31043,0.5758878802357064
31045,0.7159956474428727
31047,0.6929936305732484
31049,0.8221544715447154
31051,0.7336448598130841
31053,0.6396419602034903
31055,0.4495098426588696
31057,0.863588667366212
31059,0.7242434546072765
31061,0.8051404662283324
31063,0.8358433734939759
31065,0.8209401709401709
31067,0.634952229299363
31069,0.8083720930232559
31071,0.8377551020408164
31073,0.7861386138613862
31075,0.9061728395061729
31077,0.7761702127659574
31079,0.6531278331822303
31081,0.7559952038369304
31083,0.8165938864628821
31085,0.9182879377431906
31087,0.8392370572207084
31089,0.8507229386479094
31091,0.8513189448441247
31093,0.7628590514362057
31095,0.6866056096164854
31097,0.6486357108664432
31099,0.7679004854368932
31101,0.8019335647000496
31103,0.9603340292275574
31105,0.793082886106142
31107,0.774726609963548
31109,0.4521116111082563
31111,0.7540760027276672
31113,0.8830022075055187
31115,0.8389610389610389
31117,0.8954703832752613
31119,0.7409886355713589
31121,0.7724392819429778
31123,0.8157537347215935
31125,0.7779148673658236
31127,0.6694084150585258
31129,0.7827664399092971
31131,0.6517366233069599
31133,0.7339864355689525
31135,0.836426116838488
31137,0.8198083067092652
31139,0.840771349862259
31141,0.7597173144876325
31143,0.7854376452362509
31145,0.8235976789168279
31147,0.7277266754270696
31149,0.8609022556390977
31151,0.5848909657320872
31153,0.5602258624968975
31155,0.6956721915285451
31157,0.7037787245931411
31159,0.6884625094673062
31161,0.8477760736196319
31163,0.7310870947234583
31165,0.8369565217391305
31167,0.7807925740806855
31169,0.762453531598513
31171,0.8753180661577609
31173,0.49952107279693486
31175,0.8072562358276644
31177,0.6853766617429837
31179,0.7131885593220338
31181,0.7786885245901639
31183,0.810752688172043
31185,0.7365616674502429
32001,0.7158529895776193
32003,0.4171993701411447
32005,0.6245293168370092
32007,0.7301578748855003
32009,0.7777777777777778
32011,0.8466042154566745
32013,0.7027825275921032
32015,0.757563199336925
32017,0.7837711069418386
32019,0.6735544146115647
32021,0.5903855783675513
32023,0.6799693799438632
32027,0.7078708375378405
32029,0.6317435496481626
32031,0.45142418857695477
32033,0.7217068645640075
32510,0.5246642149024624
33001,0.5511485233271508
33003,0.49415856293895194
33005,0.40281656522258025
33007,0.5088628655532091
33009,0.3713543396300131
33011,0.4670078493815285
33013,0.450387337413925
33015,0.4985118555507788
33017,0.42133333333333334
33019,0.4759511528457435
34001,0.4492245781858796
34003,0.41862789055941385
34005,0.40774082752131835
34007,0.32053647083745235
34009,0.5838430277903206
34011,0.45279979260795494
34013,0.20318138254420554
34015,0.48404064726032303
34017,0.22355783475783475
34019,0.5465017787565645
34021,0.29510825470040697
34023,0.3770384726251296
34025,0.5303282364804041
34027,0.5034462654143506
34029,0.6527106523498152
34031,0.37423640414369463
34033,0.5554010985285143
34035,0.41698495149339243
34037,0.6294417613253109
34039,0.30685437549273564
34041,0.6064261922170769
35001,0.3447801297594862
35003,0.7144948755490483
35005,0.6349958068176212
35006,0.3962544958452189
35007,0.4848087021755439
35009,0.6757666417352282
35011,0.6813186813186813
35013,0.35916091042917
35015,0.6684801952509279
35017,0.412770275544454
35019,0.32567049808429116
35021,0.5901328273244781
35023,0.4861111111111111
35025,0.7054539295392954
35027,0.6623230734666367
35028,0.30858980248047774
35029,0.47676490747087047
35031,0.2351748606183477
35033,0.2724293322408849
35035,0.5925722831505483
35037,0.6192609182530795
35039,0.2419007931173545
35041,0.6527731092436975
35043,0.4199221916031772
35045,0.606072435480373
35047,0.2151427774160543
35049,0.20063275191085478
35051,0.5809689249179695
35053,0.3808969132207338
35055,0.1787024901703801
35057,0.5872865275142315
35059,0.7144535840188014
35061,0.4789431719338939
36000,0.19170924020808547
36001,0.34191518272187654
36003,0.6700727583993152
36005,0.09460555363659573
36007,0.47568314899154196
36009,0.6319437758736882
36011,0.5240564331363801
36013,0.582549692075082
36015,0.5564107533431158
36017,0.5913194444444444
36019,0.4500545086435135
36021,0.44514918128276487
36023,0.4890337877889745
36025,0.6033751010509296
36027,0.4719706111476011
36029,0.4445039834759516
36031,0.4621907306307353
36033,0.48495752713544127
36035,0.6345809371169983
36037,0.6399440072639225
36039,0.5928798185941043
36041,0.64
36043,0.6360312321462579
36045,0.569175645988074
36047,0.17507835725945098
36049,0.6534216335540839
36051,0.5757384036495621
36053,0.5300691857370942
36055,0.39271399407688545
36057,0.5931038102235751
36059,0.45263412390280816
36061,0.09706266191685639
36063,0.5623363130668168
36065,0.5651858607390478
36067,0.4013097294185377
36069,0.49808641739063875
36071,0.5041737654666132
36073,0.6676434676434676
36075,0.5746782897467829
36077,0.5184665731650304
36079,0.5564730350266663
36081,0.21757360579143437
36083,0.47128364215645174
36085,0.5605492926613617
36087,0.45090201129642377
36089,0.5092701363706011
36091,0.47833365470576894
36093,0.4303359096313912
36095,0.6285409252669039
36097,0.5756953944368445
36099,0.5175965665236052
36101,0.6388029141469453
36103,0.5145951436615418
36105,0.5318310799532632
36107,0.5946454997981973
36109,0.24300576409391256
36111,0.41799520619507097
36113,0.5014964340295466
36115,0.5548760600130463
36117,0.5891097840602716
36119,0.3119848807217316
36121,0.7192739044976297
36123,0.5622888933041923
37001,0.5454839299014854
37003,0.7603853100541842
37005,0.7175917215428034
37007,0.42731152204836415
37009,0.7011323003575686
37011,0.763486483210086
37013,0.607527780098588
37015,0.36974430298491495
37017,0.5378373277976977
37019,0.6250091439774107
37021,0.4009874268606015
37023,0.6741521068859199
37025,0.5769061732894554
37027,0.7329570484581498
37029,0.7083499800239712
37031,0.7032370768375639
37033,0.5443541102077687
37035,0.6679106024795787
37037,0.4292454013902482
37039,0.7646851420915309
37041,0.5553403431101273
37043,0.7382695507487521
37045,0.6374991605667854
37047,0.6013821001179842
37049,0.5900087232186549
37051,0.4020595109249761
37053,0.7232615044597048
37055,0.5844255188943852
37057,0.7256198567917067
37059,0.7171355028497886
37061,0.5857786728039892
37063,0.18157480113236066
37065,0.33195370891264164
37067,0.42607900758221545
37069,0.5389884088514225
37071,0.640852008171646
37073,0.5330118694362018
37075,0.7876679462571977
37077,0.496874200270537
37079,0.5403335392217418
37081,0.3809638507410501
37083,0.35884292923272537
37085,0.5994572886139151
37087,0.6160380121717056
37089,0.6155287403740374
37091,0.30424111525623404
37093,0.42567196928140427
37095,0.5590277777777778
37097,0.6631462933133092
37099,0.5274408165446481
37101,0.6329022570394255
37103,0.5791626095423564
37105,0.5466432785839579
37107,0.5078151229156563
37109,0.7197361517127652
37111,0.7329811320754717
37113,0.6838276756512913
37115,0.6019167628006035
37117,0.4928953527248412
37119,0.3288901295740573
37121,0.7759387351778656
37123,0.6178509532062392
37125,0.6261808921383389
37127,0.4892268960453163
37129,0.49456235199499576
37131,0.3637286758732738
37133,0.6497243370963508
37135,0.22537041535098373
37137,0.6197962154294032
37139,0.4703582312690472
37141,0.6325623094853864
37143,0.6226893261776982
37145,0.5702268671934744
37147,0.443217802724552
37149,0.6189866471556612
37151,0.7654665118079752
37153,0.5371999172185431
37155,0.5081501786675804
37157,0.6346090165097686
37159,0.6650716960027342
37161,0.7216484640512093
37163,0.572277074976859
37165,0.4491671453187823
37167,0.7341645218437678
37169,0.7590243902439024
37171,0.7352155547272953
37173,0.5821358589157414
37175,0.5887290838882981
37177,0.5606670500287522
37179,0.6310377447734368
37181,0.3670220753866947
37183,0.3716320713235183
37185,0.32655964234911605
37187,0.4158961881589619
37189,0.45679506419876603
37191,0.5433131448637771
37193,0.7589468302658486
37195,0.4597089288055592
37197,0.787562414888788
37199,0.6410642570281124
38001,0.7463054187192119
38003,0.5913173652694611
38005,0.4619592242665341
38007,0.8181818181818182
38009,0.7137950772753291
38011,0.8091773922775601
38013,0.8507604562737643
38015,0.6780466454073657
38017,0.49264423850236944
38019,0.6764705882352942
38021,0.692563356875779
38023,0.7112387202625102
38025,0.7895675434685688
38027,0.6425670186839968
38029,0.8465421504290762
38031,0.7219313554392088
38033,0.831765935214211
38035,0.5381195455293923
38037,0.8023171614771905
38039,0.6695652173913044
38041,0.8101851851851852
38043,0.8074127906976745
38045,0.6885169688516969
38047,0.8322399250234301
38049,0.7269503546099291
38051,0.7607192254495159
38053,0.7855308219178082
38055,0.7262464722483537
38057,0.8028620247757369
38059,0.7160181910055584
38061,0.6288358499756453
38063,0.5969714618520675
38065,0.816125860373648
38067,0.7002854424357755
38069,0.6938676967648479
38071,0.6064090480678606
38073,0.512929207291225
38075,0.7679814385150812
38077,0.6278977871443625
38079,0.3241011984021305
38081,0.5448172258387581
38083,0.8259212198221093
38085,0.21103896103896103
38087,0.8418604651162791
38089,0.7916734296380458
38091,0.5385385385385385
38093,0.6615460364352536
38095,0.6335350043215212
38097,0.5758962623951183
38099,0.6460310612597067
38101,0.6798482416459944
38103,0.7536718422156945
38105,0.7862106660420083
39001,0.7623030196320099
39003,0.6642916285353205
39005,0.7113867425782838
39007,0.5705826216751902
39009,0.38562646469449446
39011,0.7896897617132941
39013,0.6782340466550992
39015,0.7432549599632784
39017,0.615373995478575
39019,0.7078170414563255
39021,0.6976911179849757
39023,0.5731006527861433
39025,0.6811674619909001
39027,0.7409906291834003
39029,0.6856128655223913
39031,0.6934799382716049
39033,0.7075427561470083
39035,0.3050750055479926
39037,0.7852770365719667
39039,0.6424802110817942
39041,0.5542846139033314
39043,0.5228591196976955
39045,0.6077654190610727
39047,0.716269485755241
39049,0.3429999655848849
39051,0.6458892815076561
39053,0.759570025520068
39055,0.605254199955948
39057,0.5929780839991204
39059,0.6912484145678565
39061,0.4244956723024915
39063,0.6713211004080726
39065,0.7090450626321783
39067,0.7201582144370674
39069,0.6675997703129486
39071,0.7577968758445489
39073,0.6618632185698707
39075,0.7888547132259816
39077,0.6533784327937505
39079,0.7265756225808807
39081,0.6557870873575354
39083,0.6668874403039704
39085,0.5527502021574936
39087,0.7024091404517608
39089,0.619144282935199
39091,0.7397431737054379
39093,0.4753631849290704
39095,0.38317236631638624
39097,0.672700983227299
39099,0.4659343715239155
39101,0.6443659296406048
39103,0.5998489707025051
39105,0.7319979969954933
39107,0.8057626806591182
39109,0.703132703758486
39111,0.7164091243561442
39113,0.4797077827805545
39115,0.6877231103523204
39117,0.7220207880106357
39119,0.6503203481928037
39121,0.756527523698653
39123,0.5694932037087046
39125,0.7184702111197082
39127,0.6820940313437812
39129,0.6900788037987472
39131,0.6652075090495833
39133,0.5249740605996926
39135,0.751081935327012
39137,0.7971972078648691
39139,0.6626942442134242
39141,0.6139565503620803
39143,0.5818000285266011
39145,0.6675545738045738
39147,0.6180431066827865
39149,0.7830665543386689
39151,0.5614503620769349
39153,0.4342446478201714
39155,0.5105124493642546
39157,0.651941194991402
39159,0.6597396915673193
39161,0.7602759622367465
39163,0.7057433660487096
39165,0.6621044283558034
39167,0.6874664879356568
39169,0.6473030710288248
39171,0.6897966258377629
39173,0.5050900669868358
39175,0.7050604229607251
40001,0.7349915553508368
40003,0.8560673162090345
40005,0.8138700677560781
40007,0.8885421310744539
40009,0.8352754237288136
40011,0.760348009491168
40013,0.7582862932407005
40015,0.6934103551561831
40017,0.7233619161330005
40019,0.7419876982842344
40021,0.6060642813826561
40023,0.7751566531514928
40025,0.8924930491195552
40027,0.5713841936957514
40029,0.791162984576907
40031,0.5890861073578184
40033,0.7893927747886241
40035,0.7403630077787381
40037,0.748352410683316
40039,0.7424343041457168
40041,0.752481547467549
40043,0.8741103202846975
40045,0.8817733990147784
40047,0.7374021188392446
40049,0.782571591124597
40051,0.7769900385892489
40053,0.830077237619264
40055,0.7816455696202531
40057,0.7318321392016377
40059,0.8792528352234823
40061,0.7811312790206838
40063,0.7485638532920902
40065,0.7646682039456828
40067,0.8127659574468085
40069,0.7697859631657541
40071,0.7243944533714217
40073,0.8409721089544936
40075,0.7432006870884627
40077,0.7642998027613412
40079,0.7759131293188549
40081,0.773903743315508
40083,0.718320248695927
40085,0.7711797307996833
40087,0.7811721437892989
40089,0.8070110013052396
40091,0.691322365942484
40093,0.8652773701203404
40095,0.7658412235979607
40097,0.7351911942482662
40099,0.755246020260492
40101,0.6212008589362406
40103,0.7615826158261583
40105,0.7838092990323342
40107,0.7101191985797616
40109,0.5167845748370093
40111,0.641192917054986
40113,0.6631340293156174
40115,0.713844714686623
40117,0.7430861093651792
40119,0.5998198847262248
40121,0.7384054194893174
40123,0.7033241184006473
40125,0.7012415527267012
40127,0.7987954494757975
40129,0.8794769755542922
40131,0.7565219519357839
40133,0.6983949234789101
40135,0.7541733047031932
40137,0.7921134941912422
40139,0.7994809688581315
40141,0.7184035476718403
40143,0.5839128287742761
40145,0.7349840255591055
40147,0.7120680345572354
40149,0.8322176635715828
40151,0.8034351145038168
40153,0.8356813693219223
41001,0.7082811254129172
41003,0.27577790084712733
41005,0.41297146781661287
41007,0.41385272579332794
41009,0.49654369223833494
41011,0.5705298118992111
41013,0.6992277357870522
41015,0.5718816905875823
41017,0.46360989072313485
41019,0.6461388987500234
41021,0.6584887144259077
41023,0.7396313364055299
41025,0.7327629592350277
41027,0.2999083409715857
41029,0.49274195761339834
41031,0.5796595834654826
41033,0.6041965888689408
41035,0.6698462647916872
41037,0.7689567430025446
41039,0.3497837978640271
41041,0.39748970541653467
41043,0.5703094398746573
41045,0.68941063727839
41047,0.463146740719088
41049,0.6529877609791217
41051,0.17026682335136545
41053,0.47003350291599455
41055,0.7197640117994101
41057,0.4736651452582772
41059,0.6181469000253651
41061,0.6501388032078964
41063,0.652313330279432
41065,0.48754597124707455
41067,0.30901601592678435
41069,0.7224938875305623
41071,0.47689372961663895
42001,0.6616900755964539
42003,0.39912999873868277
42005,0.7427414763742172
42007,0.5763602206507042
42009,0.8271777298303508
42011,0.5278234506869145
42013,0.7127246899415396
42015,0.7056558269799285
42017,0.47738144683224076
42019,0.6637203696263559
42021,0.669996194824962
42023,0.7268984446477584
42025,0.6513413956074506
42027,0.4632295004464989
42029,0.4319717261904762
42031,0.7171941830624465
42033,0.7274955501736162
42035,0.651032869949331
42037,0.6378064333286099
42039,0.666462178598101
42041,0.5679798054548295
42043,0.46505746072498316
42045,0.37182243964063244
42047,0.6949258283654512
42049,0.48568471607952846
42051,0.6433314114605613
42053,0.7009579341940858
42055,0.7137141300139106
42057,0.8409392999556934
42059,0.6882136513575234
42061,0.7355120267938698
42063,0.6589356632247816
42065,0.7799568744224253
42067,0.7913717237421083
42069,0.4676770801113517
42071,0.5719914396628952
42073,0.6239540647314308
42075,0.6552672002587113
42077,0.4577217643003112
42079,0.5829474822755458
42081,0.7045782655987343
42083,0.7139788905252823
42085,0.6030319830239538
42087,0.7577011988602763
42089,0.47863860534464964
42091,0.3743636225606011
42093,0.6180458158017765
42095,0.49983625861384207
42097,0.6943094314892687
42099,0.7380659797712449
42101,0.15367896544950688
42103,0.615148844871844
42105,0.8030575539568345
42107,0.6998838855397732
42109,0.7165556438305934
42111,0.7653537584211556
42113,0.7305484693877551
42115,0.6834013677569846
42117,0.7429195088676671
42119,0.6080833524158461
42121,0.6861829707041288
42123,0.6768471303027015
42125,0.605086249383933
42127,0.6763260887667583
42129,0.6400514141641628
42131,0.6723219720024346
42133,0.623964735467459
44001,0.35191364082433757
44003,0.4672102177860651
44005,0.36732854184431724
44007,0.36576060271899674
44009,0.41028190872244574
45001,0.6276566125290023
45003,0.6148882446460301
45005,0.21965478841870825
45007,0.6986817091808208
45009,0.35468297392983583
45011,0.5154454401686874
45013,0.5466099536447455
45015,0.56072286429317
45017,0.5016558484567493
45019,0.4278147948623437
45021,0.6970449009605221
45023,0.5119081172491544
45025,0.5616066582232676
45027,0.47976615784345567
45029,0.5269839429598284
45031,0.5051223293118555
45033,0.48187724397332876
45035,0.5591925455911263
45037,0.5875987633115768
45039,0.3574154610810331
45041,0.5104866133848889
45043,0.5492939950090028
45045,0.5941114958287825
45047,0.5896811876368946
45049,0.3960935725641608
45051,0.6717424014444778
45053,0.4539249146757679
45055,0.6050008622176237
45057,0.6091478761107402
45059,0.6329895354964993
45061,0.3436733692986758
45063,0.65545117246689
45065,0.5084355828220859
45067,0.3813393107312973
45069,0.4107228799691982
45071,0.5960016659725115
45073,0.7188345473465141
45075,0.3066306861989206
45077,0.7387714326489837
45079,0.31097900688706864
45081,0.6452592246613732
45083,0.6299198942935007
45085,0.42519167082520526
45087,0.5839397949057228
45089,0.32310349408795
45091,0.5837333962940616
46003,0.6922530206112296
46005,0.6578558771411696
46007,0.5796344647519582
46009,0.7078009414929388
46011,0.5321766561514195
46013,0.596561995780067
46015,0.6840034965034965
46017,0.3489795918367347
46019,0.7715467708572742
46021,0.8471720818291215
46023,0.6938537722108943
46025,0.6873868436934218
46027,0.41605839416058393
46029,0.6653526437569629
46031,0.5004255319148936
46033,0.6975217115018004
46035,0.6485160965794768
46037,0.592282489989079
46039,0.6567307692307692
46041,0.42330210772833726
46043,0.8336448598130841
46045,0.7471324296141815
46047,0.7047431939376929
46049,0.7674418604651163
46051,0.6683501683501684
46053,0.7651841224294595
46055,0.896551724137931
46057,0.7425778421433744
46059,0.7651265126512651
46061,0.7462612163509471
46063,0.9025974025974026
46065,0.6329051987767584
46067,0.7479940564635958
46069,0.7869565217391304
46071,0.6593607305936073
46073,0.6701137538779731
46075,0.8064516129032258
46077,0.6585652685221481
46079,0.5950486295313882
46081,0.6258233406519169
46083,0.6142840156949784
46085,0.6875439831104856
46087,0.6934673366834171
46089,0.7845206684256816
46091,0.5423728813559322
46093,0.7263574563290595
46095,0.5885797950219619
46097,0.6635338345864662
46099,0.5372014872928459
46101,0.59018070235254
46103,0.6242590536832625
46105,0.8300124533001245
46107,0.8010471204188482
46109,0.5512985343275907
46111,0.7292965271593945
46113,0.08296041308089501
46115,0.6282616062351745
46117,0.7326100829610721
46119,0.7886178861788617
46121,0.2291764705882353
46123,0.7866920152091255
46125,0.707710843373494
46127,0.6698746359376979
46129,0.7654420670165523
46135,0.5880702483632962
46137,0.47979139504563234
47001,0.6429503698002075
47003,0.7480299576685119
47005,0.7452591656131479
47007,0.7765866209262435
47009,0.7171889365614466
47011,0.769875342678322
47013,0.7875837855090967
47015,0.7540459164471208
47017,0.7469183359013868
47019,0.8014608233731739
47021,0.7094323034413464
47023,0.7808513908098971
47025,0.8009310986964618
47027,0.7332191780821918
47029,0.8074385617681016
47031,0.7218967502879174
47033,0.7378173059106912
47035,0.7743930197268589
47037,0.3394655274864696
47039,0.7813588850174216
47041,0.7434938892882819
47043,0.7076849029359858
47045,0.7633473305338933
47047,0.6731463339177065
47049,0.8234010636847129
47051,0.7029992684711046
47053,0.7052744666700772
47055,0.7156325760976924
47057,0.8274225774225774
47059,0.7870923970656829
47061,0.7633844215830359
47063,0.7663348153875894
47065,0.5528692208302904
47067,0.8260869565217391
47069,0.5304647902512671
47071,0.8053070660367876
47073,0.8013863483200154
47075,0.4408838162130524
47077,0.796515611236175
47079,0.7344920818848977
47081,0.728913349545629
47083,0.6887626262626263
47085,0.689221305745841
47087,0.7245857590685177
47089,0.774748322147651
47091,0.8223134214926281
47093,0.5853279246473378
47095,0.6888324873096446
47097,0.6039322369234574
47099,0.7927996936039832
47101,0.7756382518390307
47103,0.7789931075816602
47105,0.7528536616647429
47107,0.7833111170354572
47109,0.7811316995417413
47111,0.8346215351812367
47113,0.5596799580272823
47115,0.708525133492911
47117,0.7144478393714535
47119,0.6728773784952925
47121,0.7736111111111111
47123,0.7824255543204821
47125,0.5612808052759458
47127,0.7946001367053999
47129,0.8114839671886652
47131,0.7776961384602825
47133,0.7362984566776036
47135,0.7590192644483362
47137,0.772848948374761
47139,0.7817484662576687
47141,0.6982948699103336
47143,0.7828602422708371
47145,0.7328441552448198
47147,0.71589274517759
47149,0.6004970400982911
47151,0.8485188824933315
47153,0.7799438004917457
47155,0.788417052214144
47157,0.3448425083658631
47159,0.7388380849919312
47161,0.7291941875825627
47163,0.7543434278557436
47165,0.7010558702188658
47167,0.7201567224564541
47169,0.665506329113924
47171,0.7881862404447533
47173,0.8088682567632464
47175,0.7523770152955767
47177,0.700852189244784
47179,0.6884824120603015
47181,0.8598258494109613
47183,0.7393302692055155
47185,0.7807633587786259
47187,0.6418684307101655
47189,0.6945746818486269
48001,0.7775814337044237
48003,0.7944568076067166
48005,0.7244157667747652
48007,0.7363013698630136
48009,0.8839598412327807
48011,0.9049951028403526
48013,0.6302932787244935
48015,0.7851556134919342
48017,0.7495817066369214
48019,0.7988843217850852
48021,0.5738384761369227
48023,0.8452301534356238
48025,0.559104301708898
48027,0.5473819399119945
48029,0.4075893122132809
48031,0.7408970976253298
48033,0.9041095890410958
48035,0.8087522327124267
48037,0.7203051846714063
48039,0.6006799745834743
48041,0.5763639880376724
48043,0.48847601128880525
48045,0.8491847826086957
48047,0.23613251155624038
48049,0.8567660059888778
48051,0.7637931034482759
48053,0.7622370339512602
48055,0.5533410519351637
48057,0.6659009332376167
48059,0.8720200752823086
48061,0.32007298080995666
48063,0.7047556142668429
48065,0.8839406207827261
48067,0.7879131561892417
48069,0.7080620931397096
48071,0.7946503038246158
48073,0.769446098868374
48075,0.8646833013435701
48077,0.8722598644878438
48079,0.753607103218646
48081,0.8889669711876318
48083,0.872083447707933
48085,0.5561799462673518
48087,0.8503460207612457
48089,0.7429813226829555
48091,0.7259159188137283
48093,0.8273820889822417
48095,0.8286516853932584
48097,0.8261360075211532
48099,0.6697529173286583
48101,0.826797385620915
48103,0.7579479768786127
48105,0.7025089605734767
48107,0.6834490740740741
48109,0.3650586701434159
48111,0.8167098445595855
48113,0.34644842438400314
48115,0.7398259893348302
48117,0.6904648956356736
48119,0.8049101271372205
48121,0.5712568434093991
48123,0.8063997662185857
48125,0.8305830583058306
48127,0.302015503875969
48129,0.8361774744027304
48131,0.31573896353166986
48133,0.8632773229929628
48135,0.6849165069805639
48137,0.6952469711090401
48139,0.705809369748559
48141,0.2593921722552428
48143,0.8068811631757
48145,0.6556783536585366
48147,0.7927598804383925
48149,0.7824413817791301
48151,0.7316367842683632
48153,0.7524247064828994
48155,0.746588693957115
48157,0.44756282768462907
48159,0.8184931506849316
48161,0.7842269651223321
48163,0.4218181818181818
48165,0.8456709956709957
48167,0.6001236747679064
48169,0.8254716981132075
48171,0.7905252005448766
48173,0.9155629139072847
48175,0.7065803667745415
48177,0.7241869276918219
48179,0.8777852802160703
48181,0.745001687194196
48183,0.688974586217634
48185,0.7411098290150006
48187,0.633530490124866
48189,0.7186723865432377
48191,0.8185151237396884
48193,0.8453038674033149
48195,0.8885464817668207
48197,0.797752808988764
48199,0.860667251975417
48201,0.4160887180362652
48203,0.7062302244990206
48205,0.8862704918032787
48207,0.7926553672316384
48209,0.4687378748406408
48211,0.8625368731563422
48213,0.7871526044266933
48215,0.28045918690936766
48217,0.779336931380108
48219,0.7945561482697305
48221,0.8141801842967025
48223,0.7908849165312454
48225,0.7428468813599904
48227,0.7608620887309412
48229,0.5774971297359357
48231,0.7577486214109146
48233,0.863519313304721
48235,0.8616187989556136
48237,0.8874626865671642
48239,0.8046020369671822
48241,0.7905954243982413
48243,0.5835432409739715
48245,0.4891917185966354
48247,0.20292590844738084
48249,0.43783827449713225
48251,0.7704405791063431
48253,0.8085570469798657
48255,0.7062887089090043
48257,0.7169998788319399
48259,0.7803180914512923
48261,0.45161290322580644
48263,0.8294930875576036
48265,0.7609134223290552
48267,0.8693647540983607
48269,0.9371069182389937
48271,0.6545454545454545
48273,0.45910428931875524
48275,0.7885881492318947
48277,0.7823867605179733
48279,0.7787234042553192
48281,0.7781840341255332
48283,0.4235065565808645
48285,0.8482854173882923
48287,0.7646518745218056
48289,0.859120849576556
48291,0.7785057897556352
48293,0.7489339707972607
48295,0.8701201201201201
48297,0.805206880520688
48299,0.7943907341820619
48301,0.8923076923076924
48303,0.6630543463989577
48305,0.7695370831259333
48307,0.822429906542056
48309,0.610306670882074
48311,0.9098196392785571
48313,0.7813010025647004
48315,0.7038697498820198
48317,0.825766174801362
48319,0.8050559066601848
48321,0.6859626106920301
48323,0.2072416838386812
48325,0.7007422010901079
48327,0.7893518518518519
48329,0.7513004958140291
48331,0.734533702677747
48333,0.8690423162583519
48335,0.8105646630236795
48337,0.8747094374709438
48339,0.7345576449431174
48341,0.7526495079485238
48343,0.6929418861854012
48345,0.9203252032520325
48347,0.6529484572540005
48349,0.7298728168928376
48351,0.7748464040477051
48353,0.7313156269302038
48355,0.48624108040802644
48357,0.8754163890739507
48359,0.8966244725738397
48361,0.79728125
48363,0.8066212268743914
48365,0.8107718894009217
48367,0.8179418131897144
48369,0.7765612327656123
48371,0.5897252090800478
48373,0.764456981664316
48375,0.6851418798645772
48377,0.29528985507246375
48379,0.8440757285683897
48381,0.8003314611914188
48383,0.7842920353982301
48385,0.8221296847114813
48387,0.760705289672544
48389,0.44503768844221103
48391,0.6207598371777476
48393,0.9458483754512635
48395,0.6635394456289979
48397,0.7122008611194552
48399,0.8593336858804865
48401,0.7726124039170265
48403,0.8596000860030101
48405,0.7346595685065844
48407,0.779174320796674
48409,0.6016808274843
48411,0.859142978362325
48413,0.7752596789423984
48415,0.8338060124787294
48417,0.9162234042553191
48419,0.790116662998019
48421,0.8631016042780749
48423,0.6951915817289543
48425,0.8226841159866564
48427,0.18943781942078364
48429,0.8766252528171049
48431,0.8672985781990521
48433,0.7917261055634808
48435,0.759180790960452
48437,0.7581669691470054
48439,0.5174476525547708
48441,0.7266330120850543
48443,0.6575342465753424
48445,0.7329359165424739
48447,0.8849009900990099
48449,0.6912623420745302
48451,0.7145196080979236
48453,0.2713965693804403
48455,0.7914786967418547
48457,0.8263473053892215
48459,0.8248922750265409
48461,0.7475872308834447
48463,0.5393797411869701
48465,0.4325475508555482
48467,0.8439013248058475
48469,0.6835780612408829
48471,0.6508385532430794
48473,0.6274428026692088
48475,0.7393323657474601
48477,0.7381305637982196
48479,0.22751955012740532
48481,0.6889084985066521
48483,0.9050303555941024
48485,0.7248616175660432
48487,0.7712545676004872
48489,0.30363101079489696
48491,0.512972656230765
48493,0.7203581720872787
48495,0.747867803837953
48497,0.8342751049402648
48499,0.8383617237144231
48501,0.7802865827181936
48503,0.8564940962761126
48505,0.32749840865690644
48507,0.2043580683156655
49001,0.7378562826174228
49003,0.6197111730428173
49005,0.45798037134129166
49007,0.6633551307847082
49009,0.6983122362869199
49011,0.44952352052943767
49013,0.7934312878133103
49015,0.7985544415947773
49017,0.6851535836177475
49019,0.4356938010147805
49021,0.6548657528038971
49023,0.6768015322001436
49025,0.6462196861626248
49027,0.7363601678748569
49029,0.6140215716486903
49031,0.8587105624142661
49033,0.7186654643823264
49035,0.32956205773656616
49037,0.48558839728290804
49039,0.6565328610783157
49041,0.7788305985671365
49043,0.355263795358752
49045,0.511658802510422
49047,0.766585918574666
49049,0.5069783826426066
49051,0.5045379537953796
49053,0.6883139938350306
49055,0.6798029556650246
49057,0.47313585531344443
50001,0.27833534759077294
50003,0.34088947701513145
50005,0.39317939609236235
50007,0.22298544678606536
50009,0.5148717948717949
50011,0.4087618513848022
50013,0.36180048661800485
50015,0.27973671838269865
50017,0.3417980749539218
50019,0.42823939570017433
50021,0.42131739761639486
50023,0.2571253940680692
50025,0.24095427435387673
50027,0.28752338946805667
51001,0.542609685168795
51003,0.3395092197581356
51005,0.6653924914675768
51007,0.66875
51009,0.6312678617822811
51011,0.7133940831356884
51013,0.16633705791225814
51015,0.7198910381641581
51017,0.6870838881491345
51019,0.7209641387419166
51021,0.8196877986619943
51023,0.7137520678798228
51025,0.3971834659016821
51027,0.789012652752244
51029,0.5414667580534612
51031,0.7100417650263301
51033,0.48085850770369376
51035,0.7801434006438396
51036,0.3593864134404675
51037,0.5990013774104683
51041,0.48194785249998584
51043,0.5675149153780592
51045,0.7659269863994274
51047,0.6008191556395716
51049,0.5497350183448838
51051,0.7658385093167702
51053,0.5485819521178638
51057,0.49130917159763315
51059,0.28613001489523443
51061,0.590573037606427
51063,0.657433859147932
51065,0.5166580863425756
51067,0.6884802194950131
51069,0.6449802176063304
51071,0.7196785192401364
51073,0.667516183291707
51075,0.5972786207879176
51077,0.7676046671242278
51079,0.6187552039966694
51081,0.3981205592482237
51083,0.5707899535321451
51085,0.6315235924975698
51087,0.3657533576936708
51089,0.6308802787687713
51091,0.6887131560028756
51093,0.5790747330960854
51095,0.4935028837467862
51097,0.5677576413308087
51099,0.6087569450203167
51101,0.6522213732125314
51103,0.5301730624529721
51105,0.8025321842749229
51107,0.3820324745899714
51109,0.5971300550167319
51111,0.5735767991407089
51113,0.6331852700960023
51115,0.6622105064959518
51117,0.5545667447306791
51119,0.6099385075619079
51121,0.4522088726731891
51125,0.4993988939648954
51127,0.6631269400424767
51131,0.4351911860012962
51133,0.5815085158150851
51135,0.5504151838671412
51137,0.6092067168500289
51139,0.7291433891992551
51141,0.7570674486803519
51143,0.6821317804924363
51145,0.7032544378698224
51147,0.44853986656458494
51149,0.5658057340583292
51153,0.36492179629384647
51155,0.6805564712863453
51157,0.5663618112870845
51159,0.6044796503687517
51161,0.6099943677290295
51163,0.618805002315887
51165,0.6933070130978739
51167,0.777478360280908
51169,0.8165346534653465
51171,0.6870764880807293
51173,0.756400310318076
51175,0.5671322369903131
51177,0.553419008343723
51179,0.513665180331847
51181,0.4302270577105014
51183,0.40741475019825535
51185,0.8169772702790047
51187,0.6555122494432071
51191,0.747475529074941
51193,0.5187777000233263
51195,0.7970718195607729
51197,0.7529041444952409
51199,0.5521132540008207
51510,0.17533324534776296
51520,0.6956769055745164
51530,0.5941005400914001
51540,0.13171947312210752
51550,0.47954394214986024
51570,0.6717512120137165
51580,0.5663308144416457
51590,0.3853419164204306
51595,0.3333333333333333
51600,0.3077306733167082
51610,0.17068454299342528
51620,0.34914004914004915
51630,0.33238636363636365
51640,0.6746632996632996
51650,0.2870934633395343
51660,0.34802423164563995
51670,0.4312833037300178
51678,0.3107505070993915
51680,0.5041069776569201
51683,0.38628252546882097
51685,0.3312308868501529
51690,0.3638056543084476
51700,0.3363666380505844
51710,0.2584544538782559
51720,0.6993150684931507
51730,0.10525170462788336
51735,0.70948864428034
51740,0.29573558303478564
51750,0.43352506162695154
51760,0.1505643384484558
51770,0.3747276136421223
51775,0.5910838445807771
51790,0.4560639715681919
51800,0.41641998149861237
51810,0.4832383819897472
51820,0.5216210343328987
51830,0.25242591135588777
51840,0.4490484672353989
53001,0.6638673557278209
53003,0.5896672144617913
53005,0.5897259674859735
53007,0.5426602756141402
53009,0.47631598955825327
53011,0.4618355315747402
53013,0.6860678276810266
53015,0.5293049111441828
53017,0.6178343949044586
53019,0.6114968064426548
53021,0.5567453625632378
53023,0.6829855537720706
53025,0.6532844140266705
53027,0.4958931152395389
53029,0.43066050937587463
53031,0.2977411718287631
53033,0.21666421298368851
53035,0.394298446712839
53037,0.5328409390662094
53039,0.537561519175411
53041,0.6440012884711119
53043,0.719061788902503
53045,0.48719410109357747
53047,0.5622842431689193
53049,0.5001866368047779
53051,0.6428991473096148
53053,0.42132086029527815
53055,0.2494895117876369
53057,0.4419668381932533
53059,0.5192410001773364
53061,0.37482501541617835
53063,0.49917270270983866
53065,0.6685628610486396
53067,0.3757360327640831
53069,0.5699745547073791
53071,0.5370392226287423
53073,0.3701822691090788
53075,0.4277954348454204
53077,0.5367845659163987
54001,0.7477700693756194
54003,0.6591365227537923
54005,0.7490498675572959
54007,0.6948919449901768
54009,0.6891709143867679
54011,0.5999697748224271
54013,0.7776079480320979
54015,0.7738896366083445
54017,0.8302816901408451
54019,0.6752950381430527
54021,0.7455760912308297
54023,0.8769168684422922
54025,0.6793686904592635
54027,0.7774163568773235
54029,0.7013856085655802
54031,0.7573985468722311
54033,0.6706008583690987
54035,0.7401329285304012
54037,0.5468174100302315
54039,0.5793367683974104
54041,0.7612586605080831
54043,0.751061420888763
54045,0.8007929444129784
54047,0.746251813638562
54049,0.6369360371705242
54051,0.7313861985472155
54053,0.7514235224818379
54055,0.7572883125924637
54057,0.7843306814251124
54059,0.8318611987381703
54061,0.511318242343542
54063,0.765374677002584
54065,0.7488894695584009
54067,0.7639869349910442
54069,0.6209722377076597
54071,0.7435658914728682
54073,0.7485714285714286
54075,0.6845858475041141
54077,0.75345603918161
54079,0.7145783955328807
54081,0.7444121817813492
54083,0.7014527399779331
54085,0.8355828220858895
54087,0.7206022489041357
54089,0.7106129164952695
54091,0.7239216885897828
54093,0.7381294964028777
54095,0.8199233716475096
54097,0.7599262312866132
54099,0.7345540771966803
54101,0.7730020147750168
54103,0.7213088587390263
54105,0.7890173410404624
54107,0.7141373016987225
54109,0.8360362661218235
55001,0.5886462022825659
55003,0.4112591854527338
55005,0.6008921079362275
55007,0.4328890754538776
55009,0.5210072957613255
55011,0.5794218660560961
55013,0.6190094933089328
55015,0.5759099437148217
55017,0.567440828871075
55019,0.6359223300970874
55021,0.475630647274193
55023,0.49638429752066116
55025,0.22991964956760436
55027,0.6186694531522118
55029,0.48750567923671057
55031,0.4290791168761939
55033,0.5200307817663302
55035,0.42472442379520814
55037,0.713963116296575
55039,0.6048278683733708
55041,0.6140969162995594
55043,0.5077505036799473
55045,0.4578878061627601
55047,0.661802300809544
55049,0.39225122349102776
55051,0.597655132971118
55053,0.5292277825711821
55055,0.5425763686089092
55057,0.6071428571428571
55059,0.46739581711557426
55061,0.6149841978062837
55063,0.41908588489391435
55065,0.5190550770033934
55067,0.6352151598894591
55069,0.5711954304365565
55071,0.5748525256531006
55073,0.5612170035244192
55075,0.6482590042901327
55077,0.5972380590396554
55078,0.21032056293979673
55079,0.2858531687893387
55081,0.5771225216065073
55083,0.6633797176894584
55085,0.5642900386531924
55087,0.5314271104103635
55089,0.5581130898886708
55091,0.5899973254880985
55093,0.5313134173391855
55095,0.6072794408545431
55097,0.44955320033250207
55099,0.6020852580176851
55101,0.49516110184526146
55103,0.4994413407821229
55105,0.41394541725824263
55107,0.6439960491039932
55109,0.5519070472341501
55111,0.4722843093428699
55113,0.5684683696963052
55115,0.6451318920560984
55117,0.5440952141480178
55119,0.6947490510333193
55121,0.5385009140767825
55123,0.4922254274255963
55125,0.6001322362621216
55127,0.5621346738368015
55129,0.5907302142544818
55131,0.663166801276874
55133,0.596217401126162
55135,0.622079618813403
55137,0.6391365947162263
55139,0.4985770678417332
55141,0.5688624338624338
56001,0.4456037514654162
56003,0.764905021628738
56005,0.8669707126765207
56007,0.6917163476623784
56009,0.8295761947700632
56011,0.8750653423941454
56013,0.6559948305234095
56015,0.7622498274672188
56017,0.7498066511987626
56019,0.7871858727643197
56021,0.6064829505235666
56023,0.7638309859154929
56025,0.7062492503298549
56027,0.8493150684931506
56029,0.7363365352765816
56031,0.758887171561051
56033,0.7075120606478291
56035,0.7765375854214123
56037,0.7095154699357852
56039,0.31052506533618435
56041,0.7265643447461629
56043,0.7632406921866807
56045,0.8601815087918321
02001,0.47905995781862004
02002,0.5804806991988347
02003,0.7097070799947458
02004,0.4274761054511081
02005,0.4658487224892487
02006,0.5826241134751773
02007,0.7155775259223535
02008,0.7588257153474545
02009,0.6812597721688631
02010,0.691924778761062
02011,0.6650841160078439
02012,0.6946452897411716
02013,0.6165620694933415
02014,0.573704414587332
02015,0.5068245684464071
02016,0.43074233458848843
02017,0.3856806128461992
02018,0.3626047014320454
02019,0.34140233722871455
02020,0.3063025210084034
02021,0.4023360703134035
02022,0.5020305781175346
02023,0.46880415944540726
02024,0.5186123348017622
02025,0.4695459579180509
02026,0.5107243121841663
02027,0.465103039963566
02028,0.4745777544412357
02029,0.6756440281030445
02030,0.6920670391061452
02031,0.5516597917894324
02032,0.5037473233404711
02033,0.27501509965774107
02034,0.4193616795673842
02035,0.4539924795399248
02036,0.5396902226524686
02037,0.3828526274199921
02038,0.22433758586849853
02039,0.24915765206596915
02040,0.2986984815618221
